product,field,platform,location,homepage,establish_time,round,project_status,status,tags,description,contact,leadership,logo_url,url,company_name,brief_intro
宝宝树,社交,平台：WEB,坐标：北京市,官网：www.babytree.com,成立时间：不详,"D轮,3亿,美元,融资完成",立即认领,运营状态：正在运营,,"宝宝树是国内专业的育儿社区平台,通过为备孕、孕期及0-6岁婴幼儿父母提供高质量、多类型线上线下服务,搭建全方位平台,先后开发宝宝树孕育和小时光及宝宝树美囤妈妈两三款手机应用,让父母们进行有价值的经验分享及育儿学习,来满足多层次、全方位、适应时代进步育儿需求。",,,http://pic2.pedaily.cn/newseed/project/201607/20160719141347487.jpg,http://www.newseed.cn/project/52354,北京众鸣世纪科技有限公司,宝宝树是一个垂直母婴网站，用户在这里可以进行有价值的经验分享，得到愉快的育儿成长体验，此外宝宝树还开发了多款智能硬件。北京众鸣世纪科技有限公司旗下。
Retty,生活消费,平台：WEB,坐标：日本,官网：retty.me,成立时间：不详,"D轮,1050万,美元,融资完成",立即认领,运营状态：正在运营,,日本社交餐厅评论服务平台Retty允许用户对餐厅饭店进行评级和评论，同时作为一个社交美食评论网站，用户还可以在Facebook上与好友分享你评论的餐厅。不仅如此，如果你是一个美食专家，那么还可以使用Retty创建个性化餐厅列表，方便其他人访问。可以说，使用Retty寻找心仪的餐厅吃饭会变得异常简单。,,,http://pic2.pedaily.cn/newseed/project/201608/20160801113329165.jpg,http://www.newseed.cn/project/52658,Retty,日本社交餐厅评论服务平台Retty允许用户对餐厅饭店进行评级和评论，同时作为一个社交美食评论网站，用户还可以在Facebook上与好友分享你评论的餐厅。不仅如此，如果你是一个美食专家，那么还可以使用Retty创建个性化餐厅列表，方便其他人访问。可以说，使用 Retty 寻找心仪的餐厅吃饭会变得异常简单。
Kin Community,文化娱乐,平台：WEB,坐标：美国,官网：www.kincommunity.com,成立时间：2011,"D轮,1350万,美元,融资完成",立即认领,运营状态：正在运营,视频家装图像视频健康保健,KinCommunity成立于2011年，位于加利福尼亚州，是一家针对女性的多频道网络公司，KinCommunity主要与有影响力的女性和线上内容生产者合作，通过生产与女性生活方式相关的高质量内容（目前以视频为主）将女性紧密地联系起来，并相互鼓励，让大家拥有更好的生活。目前，KinCommunity是YouTube上排名第一的女性多频道网络公司，创作内容主要覆盖美食、健康、美妆、育儿、家装和娱乐。,,,http://pic2.pedaily.cn/newseed/project/201607/20160704093736429.jpg,http://www.newseed.cn/project/51885,Kin Community,Kin Community 成立于2011年，位于加利福尼亚州，是一家针对女性的多频道网络公司，Kin Community 主要与有影响力的女性和线上内容生产者合作，通过生产与女性生活方式相关的高质量内容（目前以视频为主）将女性紧密地联系起来，并相互鼓励，让大家拥有更好的生活。目前，Kin Community 是 YouTube 上排名第一的女性多频道网络公司，创作内容主要覆盖美食、健康、美妆、育儿、家装和娱乐。
长风药业,医疗健康,平台：其他,坐标：苏州市,官网：www.cfpharmtech.com,成立时间：2013-01,"D轮,4.4亿,人民币,融资完成",立即认领,运营状态：正在运营,医药,长风药业是一家吸入制剂药物研发商，专注吸入给药技术开发，集研发、生产、销售为一体，研发产品涉及哮喘、慢性阻塞性肺病（COPD）以及过敏性鼻炎等多个临床需求大的治疗领域。,,,http://pic2.pedaily.cn/17/newseed/project/201708/20170829195639474.jpg,http://www.newseed.cn/project/60746,长风药业股份有限公司,长风药业是一家吸入制剂药物研发商，专注吸入给药技术开发，集研发、生产、销售为一体，研发产品涉及哮喘、慢性阻塞性肺病（COPD）以及过敏性鼻炎等多个临床需求大的治疗领域。
松力生物,医疗健康,平台：其他,坐标：上海市,官网：www.shsongli.com,成立时间：不详,"D轮,金额未透露,融资完成",立即认领,运营状态：正在运营,医疗器材医药生物技术,松力生物是一家自主研发型高新技术企业，同时也是企业博士后工作站。公司产品涵盖药品（生物制品）、III类医疗器械（生物材料）两大领域。公司申请了各种专利20余件，其中已授权中国发明专利4项，国际发明专利1项。发表SCI论文20余篇。,,,http://pic2.pedaily.cn/17/newseed/project/201709/20170920175341376.jpg,http://www.newseed.cn/project/61052,上海松力生物技术有限公司,松力生物是一家自主研发型高新技术企业，同时也是企业博士后工作站。公司产品涵盖药品（生物制品）、III类医疗器械（生物材料）两大领域。公司申请了各种专利20余件，其中已授权中国发明专利4项，国际发明专利1项。发表SCI论文20余篇。
Nutrinia,医疗健康,平台：WEB,坐标：以色列,官网：www.nutrinia.com,成立时间：2003,"D轮,3000万,美元,融资完成",立即认领,运营状态：正在运营,生物技术,Nutrinia创立于2003年，总部位于以色列，是一家临床阶段的生物技术公司，专注于研发胰岛素口服制剂。公司临床开发了两款产品，分别用于治疗早产儿（26周到32周）肠道吸收不良和婴幼儿断肠综合征。,,,http://pic2.pedaily.cn/newseed/project/201608/20160822105943533.jpg,http://www.newseed.cn/project/53296,Nutrinia,Nutrinia创立于2003年，总部位于以色列，是一家临床阶段的生物技术公司，专注于研发胰岛素口服制剂。公司临床开发了两款产品，分别用于治疗早产儿（26周到32周）肠道吸收不良和婴幼儿断肠综合征。
Histogen,医疗健康,平台：WEB,坐标：美国,官网：www.histogen.com,成立时间：2007,"D轮,600万,美元,融资完成",立即认领,运营状态：正在运营,生物技术,Histogen成立于2007年，总部位于美国圣地亚哥，拥有皮肤细胞生长技术及相关产品。该公司利用所谓的“生物反应器”，在模拟胚胎的情形下培养皮肤细胞、增长因子和其他相关化合物。,,,http://pic2.pedaily.cn/newseed/project/201608/20160823100302417.jpg,http://www.newseed.cn/project/53336,Histogen,Histogen成立于2007年，总部位于美国圣地亚哥，拥有皮肤细胞生长技术及相关产品。该公司利用所谓的“生物反应器”，在模拟胚胎的情形下培养皮肤细胞、增长因子和其他相关化合物。
Vestaron,传统行业,平台：WEB,坐标：美国,官网：www.vestaron.com,成立时间：2011,"D轮,1800万,美元,融资完成",立即认领,运营状态：正在运营,VR/AR能源环保,Vestaron创立于2001年，总部位于密歇根，愿景是希望研发商业化生物杀虫剂，帮助全世界的农民以一种更环保的方式生产出更安全、更优良的食物、观赏植物和纤维。公司致力于利用天然活性肽研发生物杀虫剂。这类肽具有强效杀虫潜力，但是对于人类、鱼类、鸟类和环境却很“安全”。,,,http://pic2.pedaily.cn/newseed/project/201608/20160809102916965.jpg,http://www.newseed.cn/project/52887,Vestaron,Vestaron创立于2001年，总部位于密歇根，愿景是希望研发商业化生物杀虫剂，帮助全世界的农民以一种更环保的方式生产出更安全、更优良的食物、观赏植物和纤维。公司致力于利用天然活性肽研发生物杀虫剂。这类肽具有强效杀虫潜力，但是对于人类、鱼类、鸟类和环境却很“安全”。
优信拍,生活消费,平台：WEB,坐标：北京市,官网：www.youxinpai.com,成立时间：不详,"D轮,5亿,美元,融资完成",立即认领,运营状态：正在运营,二手车,优信拍是专业提供二手车电子化竞价拍卖服务的供应商，核心业务是二手车网络拍卖平台，集竞价拍卖、车辆检测、安全支付、物流运输及售后服务代办为一体。,,,http://pic2.pedaily.cn/newseed/project/201701/20170116130523642.jpg,http://www.newseed.cn/project/17754,优信互联(北京)信息技术有限公司,优信拍是专业提供二手车电子化竞价拍卖服务的供应商，核心业务是二手车网络拍卖平台，集竞价拍卖、车辆检测、安全支付、物流运输及售后服务代办为一体。
快手,文化娱乐,平台：移动应用,坐标：北京市,官网：www.gifshow.com,成立时间：不详,"D轮,3.5亿,美元,融资完成",立即认领,运营状态：不详,视频图像视频,Gif快手是一个动态图片拍摄和分享APP，而后转型重点做短视频社区，该公司日前获得数千万美元B轮投资，红杉资本、晨兴创投联合投资。,,,http://pic2.pedaily.cn/newseed/project/201703/20170324123759981.jpg,http://www.newseed.cn/project/17983,北京一笑科技发展有限公司,已获得晨兴创投的投资位于北京市海淀区，主要致力于无线互联网、移动产品的研发，主要产品Gift快手是视频APP，支持下载和在线观看。已获得晨兴创投的投资。
Molbase摩贝,信息技术,平台：WEB,坐标：上海市,官网：www.molbase.com,成立时间：不详,"D轮,金额未透露,融资完成",立即认领,运营状态：正在运营,,Molbase是一个化学品采购搜索引擎，提供在线化学品数据信息、化学品目录、产品供应商和采购商对接服务等。上海摩库数据技术有限公司旗下网站。,,,http://newseed.pedaily.cn/Upload/project/20150619/20150619155945423.jpg,http://www.newseed.cn/project/17488,上海摩库数据技术有限公司,Molbase是一个化学品采购搜索引擎，提供在线化学品数据信息、化学品目录、产品供应商和采购商对接服务等。上海摩库数据技术有限公司旗下网站。
SmartNews,文化娱乐,平台：WEB,坐标：日本,官网：www.smartnews.co.jp,成立时间：2013-03-27,"D轮,3800万,美元,融资完成",立即认领,运营状态：正在运营,阅读VR/AR,作为一款新闻聚合应用，SmartNews目前已经和超过1500家内容出版商进行了合作，它会基于用户过去的阅读行为为他们推荐可能感兴趣的新闻。SmartNews推送的所有新闻是彻底基于推荐算法推荐的，而其它新闻聚合产品所推荐的新闻都有深深的人为参与筛选的痕迹。,,,http://pic.pedaily.cn/newseed/projectlogo/201506/20150616@033838.jpg,http://www.newseed.cn/project/37084,"SmartNews, Inc.",作为一款新闻聚合应用，SmartNews目前已经和超过1500家内容出版商进行了合作，它会基于用户过去的阅读行为为他们推荐可能感兴趣的新闻。SmartNews推送的所有新闻是彻底基于推荐算法推荐的，而其它新闻聚合产品所推荐的新闻都有深深的人为参与筛选的痕迹。
Outfittery,生活消费,平台：WEB,坐标：德国,官网：www.outfittery.de,成立时间：2012,"D轮,2200万,美元,融资完成",立即认领,运营状态：正在运营,美业/服装,Outfittery创立于2012年，总部位于德国柏林，致力于改善男性购物体验，为用户提供高度定制、个性化而又轻松的购物服务。公司为每一名用户配备一名后台造型师，客户只需在公司网站回答几个关于服装款式和尺寸的问题，造型师便会与客户联系，并根据客户需求为他们搭配两到三套服装并寄送给客户。,,,http://pic2.pedaily.cn/newseed/project/201608/20160816102922277.jpg,http://www.newseed.cn/project/37559,BitX,BitX是一个跨国比特币平台，总部位于新加坡，主要为东南亚和非洲等新兴市场提供钱包、交易所和商户对接服务。
易传媒AdChina,企业服务,平台：WEB,坐标：上海市,官网：www.adchina.com,成立时间：不详,"D轮,金额未透露,融资完成",立即认领,运营状态：正在运营,广告营销,易传媒AdChina是一家数字营销整合服务平台，旗下有AdManager广告操作系统、需求端平台ADP和供应端平台ASP等，隶属于上海新易传媒广告有限公司。,,,http://pic.pedaily.cn/newseed/projectlogo/201506/20150610@125017.jpg,http://www.newseed.cn/project/17439,上海新易传媒广告有限公司,易传媒AdChina是一家数字营销整合服务平台，旗下有AdManager广告操作系统、需求端平台ADP和供应端平台ASP等，隶属于上海新易传媒广告有限公司。
vArmour,企业服务,平台：WEB,坐标：美国,官网：www.varmour.com,成立时间：不详,"D轮,4100万,美元,融资完成",立即认领,运营状态：正在运营,VR/AR行业及技术解决方案,vArmour是旨在为企业跨云应用提供安全解决方案的云安全初创企业。,,,http://pic.pedaily.cn/newseed/projectlogo/201506/20150616@033208.jpg,http://www.newseed.cn/project/36996,vArmour,vArmour是旨在为企业跨云应用提供安全解决方案的云安全初创企业。
InVisionApp,企业服务,平台：WEB,坐标：美国,官网：www.invisionapp.com,成立时间：不详,"D轮,5500万,美元,融资完成",立即认领,运营状态：正在运营,,"InvisionApp:设计团队协作工具是一款是为设计师及项目决策者等群体服务,为他们做围绕设计作品的协作工具;帮助设计师快速设计产品模型,管理用户的设计团队,在线协作辅助。",,,http://pic.pedaily.cn/newseed/projectlogo/201506/20150616@034133.jpg,http://www.newseed.cn/project/37123,InVision,"InvisionApp:设计团队协作工具是一款是为设计师及项目决策者等群体服务,为他们做围绕设计作品的协作工具;帮助设计师快速设计产品模型,管理用户的设计团队,在线协作辅助。"
梦芭莎,生活消费,平台：不详,坐标：广州市,官网：www.moonbasa.com,成立时间：不详,"D轮,5500万,美元,融资完成",立即认领,运营状态：不详,,上海音阅谷信息技术有限公司是一家移动互联网提供商，产品有考拉音乐、百铃汇、彩铃专家等。,,,http://pic.pedaily.cn/newseed/projectlogo/201506/20150610@095024.jpg,http://www.newseed.cn/project/18433,广州摩拉网络科技有限公司,广州摩拉网络科技有限公司成立于2006年12月，是由国际风投公司投资，致力打造中国女性内衣第一直销品牌的新型电子商务和目录营销公司。公司旗下的“梦芭莎”品牌是海外归国人员创业的公司。“梦芭莎”通过目录营销和电子商务的销售模式向中国女性提供内衣产品和服务。
Solo桌面,信息技术,平台：WEB,坐标：北京市,官网：newborn-town.com,成立时间：不详,"D轮,金额未透露,融资完成",立即认领,运营状态：正在运营,,,,,http://pic.pedaily.cn/newseed/projectlogo/201506/20150609@110526.jpg,http://www.newseed.cn/project/24347,N/A,
Enlighted,硬件,平台：WEB,坐标：美国,官网：enlightedinc.com,成立时间：不详,"D轮,2000万,美元,融资完成",立即认领,运营状态：正在运营,,,,,http://pic.pedaily.cn/newseed/projectlogo/201506/20150616@033159.jpg,http://www.newseed.cn/project/36994,BitX,BitX是一个跨国比特币平台，总部位于新加坡，主要为东南亚和非洲等新兴市场提供钱包、交易所和商户对接服务。
Kik,企业服务,平台：不详,"坐标：北美洲,加拿大",官网：kik.com,成立时间：不详,"D轮,5000万,美元,融资完成",立即认领,运营状态：不详,,RevelSystems成立于2010年9月，是一家基于云端并以IPAD为销售管理终端的企业级软件系统提供商，可同时实现收银、支付、分析、存货管理、员工跟踪等多项功能。,,,http://pic.pedaily.cn/newseed/projectlogo/201508/20150819@130111.jpg,http://www.newseed.cn/project/45250,Kik,Kik是加拿大一个即时通讯应用，通过效仿腾讯不断增加附加服务，目前在美国十几岁青少年中很受欢迎。
Nest Labs,硬件,平台：WEB,坐标：美国,官网：nest.com,成立时间：不详,"D轮,1.5亿,美元,融资完成",立即认领,运营状态：正在运营,,,,,http://pic.pedaily.cn/newseed/projectlogo/201506/20150616@040450.jpg,http://www.newseed.cn/project/37440,BitX,BitX是一个跨国比特币平台，总部位于新加坡，主要为东南亚和非洲等新兴市场提供钱包、交易所和商户对接服务。
FirstCry.com,生活消费,平台：WEB,坐标：瑙鲁,官网：www.firstcry.com,成立时间：不详,"D轮,3600万,美元,融资完成",立即认领,运营状态：正在运营,电子商务,FirstCry.com成立于2010年，是印度一家母婴产品&玩具的电商平台，平台上目前已经入驻有250+全球顶尖的品牌。,,,http://pic.pedaily.cn/newseed/projectlogo/201506/20150616@022542.jpg,http://www.newseed.cn/project/36138,FirstCry.com,FirstCry.com 成立于2010年，是印度一家母婴产品&玩具的电商平台，平台上目前已经入驻有250+全球顶尖的品牌。
CaratLane,生活消费,平台：WEB,坐标：印度,官网：www.caratlane.com,成立时间：2008-05,"D轮,3100万,美元,融资完成",立即认领,运营状态：正在运营,VR/AR,CaratLane是印度一家经营首饰珠宝的B2C平台，除了有标准化的商品外，还提供个性化定制服务。,,,http://pic.pedaily.cn/newseed/projectlogo/201506/20150616@024259.jpg,http://www.newseed.cn/project/36365,CaratLane,CaratLane是印度一家经营首饰珠宝的B2C平台，除了有标准化的商品外，还提供个性化定制服务。
Refinery29,生活消费,平台：WEB,坐标：美国,官网：www.refinery29.com,成立时间：不详,"D轮,5000万,美元,融资完成",立即认领,运营状态：正在运营,媒体O2O/本地生活,Refinery29是一个生活时尚媒体平台，内容覆盖时尚、美容、生活方式、新闻还有本地很酷的展览、派对等等。,,,http://pic.pedaily.cn/newseed/projectlogo/201506/20150616@021342.jpg,http://www.newseed.cn/project/36069,Refinery29,Refinery29是一个生活时尚媒体平台，内容覆盖时尚、美容、生活方式、新闻还有本地很酷的展览、派对等等。
NetBase Solutions,企业服务,平台：WEB,坐标：美国,官网：www.netbase.com,成立时间：不详,"D轮,1020万,美元,融资完成",立即认领,运营状态：正在运营,行业及技术解决方案,NetBaseSolutions成立于2004年，是一家主要提供社会化营销解决方案的公司，可以帮助企业客户实时发布、指导、分析、跟踪企业/产品信息，以便与消费者间建立良好关系。,,,http://pic.pedaily.cn/newseed/project/20150811/20150811125646895.jpg,http://www.newseed.cn/project/37360,NetBase Solutions,NetBase Solutions 成立于2004年，是一家主要提供社会化营销解决方案的公司，可以帮助企业客户实时发布、指导、分析、跟踪企业/产品信息，以便与消费者间建立良好关系。
Wish,生活消费,平台：WEB,坐标：中国,官网：www.wish.com,成立时间：不详,"D轮,5000万,美元,融资完成",立即认领,运营状态：正在运营,,Wish成立于2011年，是一家手机上的购物应用，通过愿望清单的模式为用户提供产品分享、购买服务。,,,http://pic.pedaily.cn/newseed/project/20150807/20150807133431243.jpg,http://www.newseed.cn/project/37930,Wish,Wish成立于2011年，是一家手机上的购物应用，通过愿望清单的模式为用户提供产品分享、购买服务。
SoundCloud,文化娱乐,平台：WEB,坐标：美国,官网：soundcloud.com,成立时间：不详,"D轮,6000万,美元,融资完成",立即认领,运营状态：正在运营,音乐,SoundCloud成立于2007年，是一家来自德国的音乐分享、互动服务网站，用户可以上传自己的歌曲，不过免费用户只能上传2个小时的音频内容，如果是按年或包月用户则可以无限制上传音频。,,,http://pic.pedaily.cn/newseed/project/20150819/20150819135404679.jpg,http://www.newseed.cn/project/37483,SoundCloud,SoundCloud 成立于2007年，是一家来自德国的音乐分享、互动服务网站，用户可以上传自己的歌曲，不过免费用户只能上传2个小时的音频内容，如果是按年或包月用户则可以无限制上传音频。
Hortonworks,企业服务,平台：WEB,坐标：美国,官网：zh.hortonworks.com,成立时间：不详,"D轮,1亿,美元,融资完成",立即认领,运营状态：正在运营,办公软件大数据,Hortonworks是一家基于Hadoop提供大数据服务的公司，致力于开发Hadoop框架内软件，提升大数据的处理能力。,,,http://pic.pedaily.cn/newseed/projectlogo/201506/20150616@053549.jpg,http://www.newseed.cn/project/37972,Hortonworks,Hortonworks是一家基于Hadoop提供大数据服务的公司，致力于开发Hadoop框架内软件，提升大数据的处理能力。
美餐网,企业服务,平台：其他,坐标：北京市,官网：meican.com,成立时间：不详,"D轮,金额未透露,融资完成",立即认领,运营状态：正在运营,VR/AR,美餐网是一个网站及手机上的订餐服务，提供外卖详细菜单及个人订餐、企业订餐服务。公司日前获得1.4亿元C轮投资，由大众点评领投，KPCB（凯鹏华盈）、NGP（NokiaGrowthPartners，诺基亚成长基金）、挚信资本跟投。,,,http://pic.pedaily.cn/newseed/projectlogo/201506/20150609@085235.jpg,http://www.newseed.cn/project/17079,北京美餐巧达科技有限公司,美餐是一家针对企业级的订餐服务平台。目前覆盖北京、上海、广州、深圳、成都等城市，为上千家企业客户员工提供在线订餐、商务用餐以及团队自助餐等服务。在此之前，主要提供外卖详细菜单及个人订餐、企业订餐等服务。
信达生物,信息技术,平台：WEB,坐标：苏州市,官网：www.innoventbio.com,成立时间：2011-08,"D轮,2.6亿,美元,融资完成",立即认领,运营状态：不详,生物技术健康保健,信达生物制药致力于利用生物高新技术，开发用于治疗危及人类健康和生命的各种疑难疾病的高端生物新药。,,,http://pic.pedaily.cn/newseed/projectlogo/201506/20150611@124617.jpg,http://www.newseed.cn/project/17087,信达生物制药（苏州）有限公司,信达生物制药致力于利用生物高新技术，开发用于治疗危及人类健康和生命的各种疑难疾病的高端生物新药。
贝贝网,,平台：WEB,坐标：杭州市,官网：www.beibei.com,成立时间：2014-04,"D轮,1亿,美元,融资完成",立即认领,运营状态：不详,儿童早教,贝贝网是一家母婴特卖网站，以品牌正品、独家折扣、限时抢购为特色，每天以1-7折超低折扣对童装、童鞋、儿童玩具、用品等进行限时特卖，十点准时开抢，抢完即止。杭州贝购科技有限公司（米折网）旗下。,,,http://pic.pedaily.cn/newseed/projectlogo/201506/20150610@072156.jpg,http://www.newseed.cn/project/17101,杭州贝购科技有限公司,贝贝网是一家母婴特卖网站，以品牌正品、独家折扣、限时抢购为特色，每天以1-7折超低折扣对童装、童鞋、儿童玩具、用品等进行限时特卖，十点准时开抢，抢完即止。杭州贝购科技有限公司（米折网）旗下。
秒针系统,企业服务,平台：WEB,坐标：北京市,官网：www.miaozhen.com,成立时间：不详,"D轮,5000万,美元,融资完成",立即认领,运营状态：正在运营,广告营销,秒针系统是一家第三方广告技术公司，帮助客户评估和优化数字广告效果，提升媒介投资回报。,,,http://pic.pedaily.cn/newseed/projectlogo/201506/20150609@062511.jpg,http://www.newseed.cn/project/17260,北京秒针信息咨询有限公司,秒针系统是一家第三方广告技术公司，帮助客户评估和优化数字广告效果，提升媒介投资回报。
虎扑体育网,文化娱乐,平台：WEB,坐标：上海市,官网：www.hupu.com,成立时间：不详,"D轮,2.4亿,人民币,融资完成",立即认领,运营状态：正在运营,游戏硬件O2O/本地生活体育培训电子商务赛事运营/经纪体育设施/场馆,虎扑体育网是一家体育资讯、社区、O2O服务网站，提供体育营销策划、赛事营销与管理、活动管理等，此外业务还扩展至线下赛事、电子商务、游戏联运等，隶属于虎扑（上海）文化传播有限公司。,,,http://pic.pedaily.cn/newseed/projectlogo/201506/20150610@080912.jpg,http://www.newseed.cn/project/17220,虎扑（上海）文化传播有限公司,虎扑体育网是一家体育资讯、社区、O2O服务网站，提供体育营销策划、赛事营销与管理、活动管理等，此外业务还扩展至线下赛事、电子商务、游戏联运等，隶属于虎扑（上海）文化传播有限公司。
轻轻家教,企业服务,平台：移动应用,坐标：广州市,官网：www.changingedu.com,成立时间：不详,"D轮,5500万,美元,融资完成",立即认领,运营状态：不详,,轻轻家教是一个手机上的家教与学生对接平台，基于P2P模式提供找家教、找学生服务。,,,http://pic.pedaily.cn/newseed/projectlogo/201506/20150610@061930.jpg,http://www.newseed.cn/project/17269,广州轻轻教育科技有限公司,轻轻家教是一个手机上的家教与学生对接平台，基于P2P模式提供找家教、找学生服务，广州轻轻教育科技有限公司旗下产品。
爱鲜蜂网,生活消费,平台：WEB,坐标：北京市,官网：www.beequick.cn,成立时间：不详,"D轮,金额未透露,融资完成",立即认领,运营状态：正在运营,,爱鲜蜂（鲜蜂网）是一个主打休闲美食全城闪电配送的服务平台，目前主要通过微信账号beequick24提供服务。北京众成汇通信息技术有限公司旗下产品。,,,http://pic.pedaily.cn/newseed/projectlogo/201506/20150610@072848.jpg,http://www.newseed.cn/project/17177,北京众成汇通信息技术有限公司,爱鲜蜂（鲜蜂网）是一个主打休闲美食全城闪电配送的服务平台，目前主要通过微信账号beequick24 提供服务。北京众成汇通信息技术有限公司旗下产品。
快的打车,汽车交通,平台：移动应用,坐标：杭州市,官网：www.kuaidadi.com,成立时间：2012-05,"D轮,6亿,美元,融资完成",立即认领,运营状态：正在运营,办公软件,快的打车是一款智能手机打车应用，软件为打车乘客和出租司机量身定做，乘客可以轻松发单，随时随地打车；司机可以降低空驶率，轻松多赚钱。,,,http://pic.pedaily.cn/newseed/projectlogo/201506/20150609@073531.jpg,http://www.newseed.cn/project/17307,杭州快智科技有限公司,快的打车是一款智能手机打车应用，软件为打车乘客和出租司机量身定做，乘客可以轻松发单，随时随地打车；司机可以降低空驶率，轻松多赚钱。
见见,信息技术,平台：移动应用,坐标：北京市,官网：www.91jianjian.com,成立时间：2013-05,"D轮,15亿,人民币,融资完成",立即认领,运营状态：正在运营,婚恋交友同性交友,见见是一个基于手机的恋爱交友应用，百合网旗下新产品。,,,http://pic.pedaily.cn/newseed/projectlogo/201506/20150609@082609.jpg,http://www.newseed.cn/project/18941,北京百合在线科技有限公司,见见是一个基于手机的恋爱交友应用，百合网旗下新产品。
e代驾,信息技术,平台：移动应用,坐标：北京市,官网：www.edaijia.cn,成立时间：不详,"D轮,1亿,美元,融资完成",立即认领,运营状态：不详,汽车后服务,e代驾是一个基于手机平台的代驾服务平台，隶属于北京亿心宜行汽车技术开发服务有限公司。,,,http://pic.pedaily.cn/newseed/projectlogo/201506/20150610@124308.jpg,http://www.newseed.cn/project/17320,北京亿心宜行汽车技术开发服务有限公司,e代驾是一个基于手机平台的代驾服务平台，隶属于北京亿心宜行汽车技术开发服务有限公司。
App Annie,企业服务,平台：移动应用,坐标：北京市,官网：www.appannie.com,成立时间：不详,"D轮,5500万,美元,融资完成",立即认领,运营状态：不详,,AppAnnie是一家移动应用数据跟踪、市场分析、APP排名服务商。,,,http://pic.pedaily.cn/newseed/projectlogo/201506/20150610@125927.jpg,http://www.newseed.cn/project/17414,App Annie,App Annie是一家移动应用数据跟踪、市场分析、APP排名服务商。
蔚来汽车,汽车交通,"平台：WEB,硬件",坐标：上海市,官网：www.nextev.com,成立时间：不详,"D轮,10亿,美元,融资完成",立即认领,运营状态：正在运营,能源环保,上海赛睿迪新能源汽车有限公司是一家主打电动汽车的科技公司，致力于研发一系列技术足够领先、性能足够优越、造型足够漂亮、价位足够亲民的电动汽车，将于2018年推出款产品“蔚来汽车”。,,,http://pic2.pedaily.cn/newseed/project/201606/20160630134745968.jpg,http://www.newseed.cn/project/39143,上海赛睿迪新能源汽车有限公司,上海赛睿迪新能源汽车有限公司是一家主打电动汽车的科技公司，致力于研发一系列技术足够领先、性能足够优越、造型足够漂亮、价位足够亲民的电动汽车，将于2018年推出款产品“蔚来汽车”。
VIPKID,教育培训,平台：WEB,坐标：北京市,官网：www.vipkid.com.cn,成立时间：不详,"D轮,2亿,美元,融资完成",立即认领,运营状态：正在运营,,VIPKID是一个少儿英语学习及教育品牌，主打个性化美国小学课程一对一在线辅导服务，隶属于北京大米科技有限公司。,,,http://pic.pedaily.cn/Attachment/Logo/c/201504/b53494b5-b61b-4ef9-9608-f290391ac4f4.png,http://www.newseed.cn/project/21711,北京大米科技有限公司,"北京大米科技有限公司旗下的主要产品为VIPKID,是一家互联网教育科技公司，为中国孩子提供美国小学线上课程。目前已经受到多家风投的青睐，创新工场是其主要投资人之一。"
今日头条,信息技术,平台：WEB,坐标：北京市,官网：www.toutiao.com,成立时间：2012-07,"D轮,10亿,美元,融资完成",立即认领,运营状态：正在运营,阅读,今日头条是一个基于兴趣的、社交化的手机资讯阅读应用，让用户便捷地看到感兴趣和热门的资讯，并和朋友互动，发表对世界的看法。北京字节跳动科技有限公司旗下产品.,,,http://pic2.pedaily.cn/17/newseed/project/201704/20170410110323695.jpg,http://www.newseed.cn/project/39875,北京字节跳动科技有限公司,北京字节跳动科技有限公司成立于2012年3月9日，注册资本1000.00 万元 人民币，是一家移动互联网创业公司。其主要产品今日头条是一款基于化挖掘的个性化信息推荐引擎，自2012年8月份上线以来，已经累计用户9000万以上，成为增长最快的资讯类客户端，包含了新闻动态，图片，以及各类短文。
紫晶通财基金,房产金融,平台：WEB,坐标：深圳市,官网：www.zjtcsm.com,成立时间：2014-06,"D轮,3亿,美元,融资完成",立即认领,运营状态：正在运营,,紫晶通财以基金对冲为基础，以普惠金融，促进金融平台、构建现代化金融体系、优化金融服务和产品.,,,http://pic2.pedaily.cn/newseed/project/201609/20160923181759347.jpg,http://www.newseed.cn/project/47661,深圳市紫晶通财投资基金管理股份有限公司,紫晶通财以基金对冲为基础，以普惠金融，促进金融平台、构建现代化金融体系、优化金融服务和产品.
Mintigo,企业服务,平台：移动应用,坐标：美国,官网：www.mintigo.com,成立时间：不详,"D轮,1500万,美元,融资完成",立即认领,运营状态：正在运营,VR/AR,Mintigo利用数据进行营销分析和预测，帮助公司客户提升销量。为实现这一目标，Mintigo不断收集全球无数公司的海量数据，收集的数据涵盖了金融、员工与雇佣趋势、技术采用情况、营销渠道使用状况、购买意向等，Mintigo称之为营销指标(marketingindicators)。,,,http://pic2.pedaily.cn/newseed/project/201604/20160407134747401.jpg,http://www.newseed.cn/project/49692,Mintigo,Mintigo 的产品基于庞大的 B2B 营销数据池，并且具有创新性。Mintigo 利用数据进行营销分析和预测，帮助公司客户提升销量。为实现这一目标，Mintigo 不断收集全球无数公司的海量数据，收集的数据涵盖了金融、员工与雇佣趋势、技术采用情况、营销渠道使用状况、购买意向等，Mintigo 称之为营销指标 (marketing indicators)。
43(*)_*&)+@,信息技术,平台：WEB,坐标：黑龙江省,官网：不详,成立时间：2015-01-01,"D轮,5万,人民币,需要融资",约谈,运营状态：停止运营,,ddddddddd,jw_w,,http://newseed.pedaily.cn/upload/project/logo/201512/31143258551.jpg,http://www.newseed.cn/project/47964,N/A,
三只松鼠,生活消费,平台：WEB,坐标：芜湖市,官网：3songshu.com,成立时间：2012-02,"D轮,3亿,人民币,融资完成",立即认领,运营状态：正在运营,互联网电子商务,三只松鼠是一个纯互联网食品品牌，以坚果、干果、茶叶等森林食品的研发、分装及网络自有B2C品牌销售的现代化新型企业。安徽三只松鼠电子商务有限公司旗下产品。,,,http://pic.pedaily.cn/newseed/projectlogo/201506/20150609@080843.jpg,http://www.newseed.cn/project/19235,安徽三只松鼠电子商务有限公司,安徽三只松鼠电子商务有限公司，是一家定位于纯互联网食品品牌的企业。公司于2012年2月份在安徽芜湖国家高新区注册成立，是以坚果、干果、茶叶等森林食品的研发、分装及网络自有B2C品牌销售的现代化新型企业。目前三只松鼠网络渠道覆盖天猫、淘宝、京东、1号店等全网渠道。目前公司拥有员工150余人，其中来自全国的电商运营团队53人，平均年龄23岁，电商总部位于芜湖高新区软件园大厦；分装及物流发货人员80余人，分装工厂及物流部位于芜湖高新区创业园区内，建有6000平米的分装车间及物流仓储车间。
Affectiva,硬件,平台：WEB,坐标：美国,官网：www.affectiva.com,成立时间：不详,"D轮,1400万,美元,融资完成",立即认领,运营状态：正在运营,视频图像视频语言学习,Affectiva是一家致力于“情感识别技术”的初创企业。通过捕获数字视频中人物的面部表情，Affectiva提供的技术能识别出人物当前的情绪状态。Affectiva通过计算机视觉和深度学习来分析人们的面部表情或视频内容里其它非语言线索。,,,http://pic2.pedaily.cn/newseed/project/201605/20160526152820776.jpg,http://www.newseed.cn/project/50978,"AFFECTIVA, INC.",Affectiva是一家致力于“情感识别技术”的初创企业。通过捕获数字视频中人物的面部表情，Affectiva提供的技术能识别出人物当前的情绪状态。Affectiva通过计算机视觉和深度学习来分析人们的面部表情或视频内容里其它非语言线索。
CrowdFlower,企业服务,平台：WEB,坐标：旧金山,官网：www.crowdflower.com,成立时间：2009,"D轮,1000万,美元,融资完成",立即认领,运营状态：正在运营,,CrowdFlower在2009年的美国科技创业大会TechCrunch50上被正式推出，将自己定位为一款众包数据处理工具，有点像亚马逊众包网络集市MechanicalTurk。它可以通过提供远程众包式服务帮助企业完成一些普通任务，比如照片审核等工作。,,,http://pic2.pedaily.cn/newseed/project/201606/20160613164422192.jpg,http://www.newseed.cn/project/51330,CrowdFlower,CrowdFlowe在 2009年 的美国科技创业大会 TechCrunch50 上被正式推出，将自己定位为一款众包数据处理工具，有点像亚马逊众包网络集市 Mechanical Turk。它可以通过提供远程众包式服务帮助企业完成一些普通任务，比如照片审核等工作。
Circle Internet Financial,房产金融,平台：WEB,坐标：波士顿,官网：www.circle.com,成立时间：2013,"D轮,6000万,美元,融资完成",立即认领,运营状态：正在运营,消费金融,CIRCLE公司成立于2013年、总部位于波士顿，是美国一家消费金融创业公司，主要提供虚拟货币比特币的储存及国家货币兑换服务。,,,http://pic2.pedaily.cn/newseed/project/201606/20160623140128487.jpg,http://www.newseed.cn/project/51553,Circle Internet Financial Limited,CIRCLE公司成立于2013年、总部位于波士顿，是美国一家消费金融创业公司，主要提供虚拟货币比特币的储存及国家货币兑换服务。
西柚经期助手,医疗健康,平台：WEB,坐标：厦门市,官网：www.seeyouyima.com,成立时间：2013-04,"D轮,金额未透露,融资完成",立即认领,运营状态：正在运营,,美柚女生助手（此前叫西柚经期助手）是一个面向女性的经期服务工具，厦门美柚信息科技有限公司旗下。,,,http://pic.pedaily.cn/newseed/projectlogo/201506/20150609@102620.jpg,http://www.newseed.cn/project/19536,厦门美柚信息科技有限公司,厦门美柚信息科技有限公司，成立2013年11月19日，美柚（Meet you）是厦门美柚信息科技有限公司于推出的国内首款女生助手类手机软件。美柚以经期管理为切入点，同时为女性提供备孕、怀孕、育儿、社区交流等功能服务。
固生堂,医疗健康,平台：其他,坐标：北京市,官网：bj.gstzy.cn,成立时间：2010,"D轮,10.1亿,人民币,融资完成",立即认领,运营状态：正在运营,健康保健,固生堂隶属于北京固生堂中医养生健康科技股份有限公司，成立于2010年，是一家中医门诊服务连锁集团。固生堂云集中医定期出诊，运用推拿、艾灸、针灸、中药内服、外敷、外洗等各种疗法，为民众提供中医服务。,,,http://pic2.pedaily.cn/newseed/project/201605/20160510111222921.jpg,http://www.newseed.cn/project/50601,北京固生堂中医养生健康科技股份有限公司,北京固生堂中医医院（北京固生堂中医医院有限公司）云集了广安门中医院、北京中医院、西苑中医院、望京医院、协和医院、中日友好医院、东直门中医院等国内知名院所的名老中医，主要开展中医内外妇儿科等疑难疾病的中医临床治疗与研究。
粉笔网,教育培训,平台：WEB,坐标：北京市,官网：www.fenbi.com,成立时间：不详,"D轮,6000万,美元,融资完成",立即认领,运营状态：正在运营,职业培训,粉笔网是一个社会化的教育网站，提供名师指导交流、学习资料等，2013该网站关闭，2014年8月重新启用，主打职业教育考试服务，北京贞观雨科技有限公司旗下。,,,http://pic.pedaily.cn/newseed/projectlogo/201506/20150609@082614.jpg,http://www.newseed.cn/project/19794,北京贞观雨科技有限公司,猿题库是智能在线题库产品，提供历年考试权威真题供考生练习，还能根据考生的水平一对一智能出题，真正提升做题效率。不仅支持通过电脑答题，也支持通过iPhone和Android手机进行练习，还独创“下载打印做题，手机扫描实时评分”的技术，用户可以下载试卷和答题卡，答题完毕后用手机扫描答题卡就能自动实现评分、查看答案和解析，2013年2月18日正式上线。
Facishare纷享科技,企业服务,平台：WEB,坐标：北京市,官网：www.facishare.com,成立时间：2013-06,"D轮,1亿,美元,融资完成",立即认领,运营状态：正在运营,,纷享销客是一款销售团队管理工具，支持销售外勤管理、销售过程管理、轻量级CRM、销售协同支持等。北京易动纷享科技有限责任公司旗下产品,,,http://pic.pedaily.cn/newseed/projectlogo/201506/20150609@062402.jpg,http://www.newseed.cn/project/19963,北京易动纷享科技有限责任公司,北京易动纷享科技有限责任公司创建于2008年，2009年成为微软Silverlight平台中国区第四家技术合作伙伴，微软领航计划合作企业。公司致力于集移动互联网、手持移动终端与SNS架构为一体的企业级软件平台开发与服务，为用户提供最为简单、易用的移动交互管理软件，为企业销售部门和管控部门在anywhere、anytime的环境下，提供信息移动交互、指令循环跟踪、绩效实时评价。
山石网科,企业服务,平台：WEB,坐标：北京市,官网：www.hillstonenet.com.cn,成立时间：不详,"D轮,金额未透露,融资完成",立即认领,运营状态：正在运营,行业及技术解决方案,山石网科是一家专注于网络安全领域的前沿技术创新，为企业级和运营商用户提供智能化、高性能、高可靠、简单易用的网络安全解决方案。,,,http://pic.pedaily.cn/Attachment/Logo/c/201209/3abe1dfc-c9d5-4740-8a98-f05fa7c53af1.jpg,http://www.newseed.cn/project/21706,山石网科通信技术（北京）有限公司,"山石网科通信技术(北京)有限公司是网络安全领域的代表企业之一，公司总部位于中国北京，并在美国硅谷设有研发中心。Hillstone积累了多年网络安全产品研发和市场运作经验，专注于信息安全，是专业的新一代安全网络设备提供商。

	?

	目前，公司员工中博士、硕士占30%以上。公司创始人均是国际安全业界的专家，包括NetScreen早期创始团队成员。公司的核心团队由来自NetScreen、Cisco、Juniper、Fortinet和H3C等中外著名企业的精英组成，具备先进的技术经验和丰富的企业管理经验。公司设有系统架构部，系统运营部，软件系统部，渠道销售部，售前售后技术部等部门，并且已经通过投资、控股和合作等形式，在亚太区形成了良性发展的产业和营销体系。"
典典养车(养车点点),汽车交通,平台：WEB,坐标：杭州市,官网：www.yangchediandian.com,成立时间：不详,"D轮,金额未透露,融资完成",立即认领,运营状态：不详,汽车后服务移动互联网互联网,养车点点APP是专业的“汽车后市场”服务平台，创立于2013年，养车点点项目经过近一年的孵化开发，已经成为汽车后市场生活服务类平台中的新锐。养车点点的优势在于把移动互联网与地面店完美对接，实现移动互联网落地，让车主消费者在享受线上优惠价格的同时，又可享受线下贴身的服务。服务范围包括洗车，美容、大小保养、机械维修、改装升级，道路救援，在线专家提问等等，养车点点车主版旨在为车主解决用车过程中产生的各种服务难题，为车主提供更便捷、更实惠、更可靠的汽车服务。,,,http://pic.pedaily.cn/newseed/projectlogo/201507/20150728@211026.jpg,http://www.newseed.cn/project/41723,杭州小卡科技有限公司,典典养车是专业的“汽车后市场”O2O移动服务平台，手机定位寻找附近的汽车养护店，满足用户2公里内的汽车养护需求，车主选择需要的服务，系统自动配对就近可提供服务的商家；“典典养车”是汽车后市场首家完成微信支付和支付宝支付的O2O闭环支付的后市场app。服务范围包括洗车、美容、大小保养、救援、车险、代办违章、加油、买新轮胎、油漆等等。通过近两年时间深耕细作的运营，“典典养车”现已是汽车后市场服务的标杆产品。2015年11月起，杭州用户可在典典养车app下单，就近选择典典养车直控连锁店进行到店服务。
Domo,信息技术,平台：WEB,坐标：美国,官网：www.domo.com,成立时间：2011-07,"D轮,2亿,美元,融资完成",立即认领,运营状态：正在运营,,Domo成立于2011年，是一个商业智能云服务平台，为企业提供公司信息、数据服务等，并支持跨平台、跨终端的信息推送和交互。,,,http://pic.pedaily.cn/newseed/project/20150819/20150819094733186.jpg,http://www.newseed.cn/project/43404,Domo,Domo 成立于2011年，是一个商业智能云服务平台，为企业提供公司信息、数据服务等，并支持跨平台、跨终端的信息推送和交互。
时趣SocialTouch,信息技术,平台：WEB,坐标：北京市,官网：www.social-touch.com,成立时间：不详,"D轮,5850万,美元,融资完成",立即认领,运营状态：不详,行业及技术解决方案,时趣互动科技成立于2011年，是一家社会化管理系统、服务与数据解决方案提供商。旗下有众趣、品趣、明客、星客等产品。联想控股(3396.HK)日前宣布5850万美元战略投资时趣。,,,http://pic.pedaily.cn/newseed/project/20150901/20150901132436200.jpg,http://www.newseed.cn/project/43863,N/A,
悠易互通,文化娱乐,平台：WEB,坐标：北京市,官网：www.yoyi.com.cn,成立时间：不详,"D轮,金额未透露,融资完成",立即认领,运营状态：正在运营,金融科技,钱先生是一个理财服务网站，提供金融理财产品的垂直搜索服务，钱咸升（北京）网络科技有限公司旗下。,,,http://pic.pedaily.cn/newseed/projectlogo/201506/20150610@032752.jpg,http://www.newseed.cn/project/18540,悠易互通（北京）广告有限公司,"悠易互通（北京）广告有限公司是中国领先的受众网络数字营销公司，悠易互通提供多种在线数字广告管理和广告投放解决方案。服务涵盖目标受众网络洞察、广告定向投放管理及优化、客户定制的数据银行、创意及创意测试、媒介计划及购买等。

	?

	目前悠易互通已开设北京、上海、广州公司，拥有近500名员工，可提供全面的受众网络洞察及数字营销咨询服务，已为微软、英特尔、奥迪等全球400多家品牌客户提供全方位的广告营销服务。"
佳品网,生活消费,平台：WEB,坐标：北京市,官网：www.jiapin.com,成立时间：不详,"D轮,金额未透露,融资完成",立即认领,运营状态：正在运营,,佳品网，一个知名品牌高端网络销售平台。公司总部位于北京，在洛杉矶和巴黎均有分部。致力于为会员提供奢华商品和最佳购物环境。,,,http://pic.pedaily.cn/newseed/projectlogo/201506/20150610@045218.jpg,http://www.newseed.cn/project/18609,北京星河风尚科技有限公司,佳品网，一个知名品牌高端网络销售平台。公司总部位于北京，在洛杉矶和巴黎均有分部。致力于为会员提供奢华商品和最佳购物环境。
易到用车,汽车交通,平台：WEB,坐标：北京市,官网：www.yongche.com,成立时间：不详,"D轮,金额未透露,融资完成",立即认领,运营状态：正在运营,汽车后服务买卖租赁,易到用车是一家智能交通和汽车租赁服务商。北京东方车云信息技术有限公司旗下产品。,,,http://pic.pedaily.cn/newseed/projectlogo/201506/20150609@063245.jpg,http://www.newseed.cn/project/18630,北京东方车云信息技术有限公司,北京东方车云信息技术有限公司成立于2010年，总部位于北京市，是一家移动互联网科技公司，旗下主要业务和产品：易到用车网（yongche.com）和APP打车小秘（da.chexiao.me）。易到用车网是专业提供预约车服务的电子商务网站平台，定位于企业和个人的商务及其他用车出行需求，提供高品质的配驾用车服务。
创鑫激光,硬件,平台：WEB,坐标：深圳市,官网：www.maxphotonics.com,成立时间：不详,"D轮,金额未透露,融资完成",立即认领,运营状态：正在运营,制造业,创鑫激光是一家激光器制造商，专业从事光纤激光器及其核心器件的研发、生产和销售。目前，创鑫激光获得近亿元D轮投资，具体投资机构未透露。创鑫激光已正式启动上市步伐。,,,http://pic.pedaily.cn/newseed/project/20150727/20150727161846239.gif,http://www.newseed.cn/project/38836,N/A,
GrabTaxi,信息技术,平台：WEB,坐标：新加坡,官网：grabtaxi.com,成立时间：不详,"D轮,2.5亿,美元,融资完成",立即认领,运营状态：正在运营,办公软件,GrabTaxi成立于2011年，是一家来自新加坡的打车软件服务商，目前主要在新加坡、马来西亚、菲律宾、泰国以及越南等东南亚市场提供服务。,,,http://pic.pedaily.cn/newseed/project/20150811/20150811163746433.png,http://www.newseed.cn/project/40398,GrabTaxi,GrabTaxi成立于2011年，是一家来自新加坡的打车软件服务商，目前主要在新加坡、马来西亚、菲律宾、泰国以及越南等东南亚市场提供服务。
知乎,文化娱乐,平台：WEB,坐标：北京市,官网：www.zhihu.com,成立时间：不详,"D轮,1亿,美元,融资完成",立即认领,运营状态：正在运营,,知乎是一个网络问答社区，用户可以在上面提问、寻找答案、分享知识，北京智者天下科技有限公司旗下。,,,http://pic.pedaily.cn/newseed/projectlogo/201506/20150609@082554.jpg,http://www.newseed.cn/project/18751,北京智者天下科技有限公司,知乎是一个网络问答社区，用户可以在上面提问、寻找答案、分享知识，北京智者天下科技有限公司旗下。
触控科技CocoaChina,游戏体育,平台：硬件,坐标：北京市,官网：www.chukong-inc.com,成立时间：不详,"D轮,5000万,美元,融资完成",立即认领,运营状态：正在运营,广告营销游戏硬件,北京触控科技是一家手机游戏和数字娱乐服务商，产品有CocoaChina、《捕鱼达人》、PunchBox广告平台等。,,,http://pic.pedaily.cn/newseed/projectlogo/201506/20150610@014647.jpg,http://www.newseed.cn/project/18710,北京触控科技有限公司,CocoaChina创立于2008年3月，是国内一个苹果相关产品的中文开发社区网站。网站前身是一个科技博客网站，经过发展积累，逐渐成为苹果电脑及iPhone手机开发的专业网站。网站目前提供各种苹果相关的开发内容，CocoaChina论坛也是国内最大的苹果电脑开发及iPhone开发论坛。
唱吧,信息技术,平台：移动应用,坐标：北京市,官网：changba.com,成立时间：不详,"D轮,4.5亿,人民币,融资完成",立即认领,运营状态：正在运营,,唱吧是一个手机KTV唱歌娱乐应用。北京酷智科技有限公司旗下产品。,,,http://pic.pedaily.cn/newseed/projectlogo/201506/20150609@062213.jpg,http://www.newseed.cn/project/18827,北京酷智科技有限公司,唱吧是一个手机KTV唱歌娱乐应用。北京酷智科技有限公司旗下产品。
百分点科技,企业服务,平台：WEB,坐标：北京市,官网：www.baifendian.com,成立时间：不详,"D轮,4亿,人民币,融资完成",立即认领,运营状态：正在运营,消费电子电子商务,百分点科技是一家跨网站消费偏好数据平台和个性化推荐引擎技术平台，产品包括百分点推荐引擎（BRE）和百分点分析引擎（BAE），为电子商务企业提供精准的营销服务。,,,http://pic.pedaily.cn/newseed/projectlogo/201506/20150609@094912.jpg,http://www.newseed.cn/project/18926,北京百分点信息科技有限公司,北京百分点信息科技有限公司拥有专业的推荐引擎技术平台、跨网站消费偏好平台，专注为电子商务企业提供站内流量转化和商业智能分析的整体优化解决方案。公司的产品包括百分点推荐引擎（BRE）和百分点分析引擎（BAE），这些产品旨在通过分析全网消费偏好，为电子商务企业提供精准的营销服务，提高电子商务网站的流量转化率、客单价，提升客户购买的品类数和多样性，延长客户生命周期，从而提高电子商务企业的核心竞争力。?百分点于2009年7月在北京成立，在沈阳、上海、深圳设有分支机构，并与电子科技大学互联网科学中心合作，在成都建立了国内首家个性化推荐系统联合研究所，该研究所专注于个性化推荐系统、交叉推荐等相关领域的研究。另外，百分点还与北京大学新媒体营销研究中心合作，共同开展消费洞察以及行为预测等消费行为研究。
到家美食会,生活消费,平台：WEB,坐标：北京市,官网：www.daojia.com.cn,成立时间：不详,"D轮,5000万,美元,融资完成",立即认领,运营状态：正在运营,,到家美食会是一家餐厅外卖服务，消费者可以通过“到家美食会”网站、APP、呼叫中心等订餐，并由“到家美食会”的送餐团队配送到家。隶属于北京时尚人家网络科技有限公司。,,,http://pic.pedaily.cn/newseed/projectlogo/201506/20150610@120955.jpg,http://www.newseed.cn/project/18812,北京时尚人家网络科技有限公司,到家美食会是一家餐厅外卖服务，消费者可以通过“到家美食会”网站、APP、呼叫中心等订餐，并由“到家美食会”的送餐团队配送到家。隶属于北京时尚人家网络科技有限公司。
多米音乐,文化娱乐,平台：WEB,坐标：北京市,官网：duomi.com,成立时间：2010-05,"D轮,金额未透露,融资完成",立即认领,运营状态：正在运营,音乐互联网,多米音乐是一家数字音乐服务提供商，目前产品覆盖手机、PC、PAD、互联网HIFI音响、智能电视等多类终端，北京彩云在线技术开发有限公司旗下产品。,,,http://pic.pedaily.cn/newseed/projectlogo/201506/20150610@124025.jpg,http://www.newseed.cn/project/18987,北京彩云在线技术开发有限公司,多米音乐是一家数字音乐服务提供商，目前产品覆盖手机、PC、PAD、互联网HIFI音响、智能电视等多类终端，北京彩云在线技术开发有限公司旗下产品。
蘑菇街,生活消费,平台：WEB,坐标：杭州市,官网：www.mogujie.com,成立时间：不详,"D轮,金额未透露,融资完成",立即认领,运营状态：正在运营,,蘑菇街是一个女性购物分享及导购社区。杭州卷瓜网络有限公司旗下网站。,,,http://pic.pedaily.cn/newseed/projectlogo/201506/20150609@062206.jpg,http://www.newseed.cn/project/18828,杭州卷瓜网络有限公司,杭州卷瓜网络有限公司是一家致力于服务在线社区电子商务的公司，旗下有网站蘑菇街（www.mogujie.com）和卷豆网（www.juandou.com）。蘑菇街的创始人是陈琪，公司成立于2011年，这是一个新型的女性买家社区，是杭州卷瓜网络有限公司旗下的一个专注于提供发现美与时尚、分享购物乐趣，结交志趣相投好友自由交流的平台。在蘑菇街，用户可以分享购物乐趣，也可以分享自己在网店上的各种发现，用户还可以从国外著名购物网站TopShop等添加物品。同时，蘑菇街在物品排序上围绕“快时尚”的概念展开。蘑菇街的主要用户是二十岁左右、时尚敏感度高的女生。每天，数以万计的网友在这里自由地交流时尚、购物的话题，相互分享、相互帮助。已经拥有了超过2000万的注册会员，每天为超过三百万的女性消费者提供购物决策建议。
极光推送,信息技术,平台：WEB,坐标：深圳市,官网：www.jpush.cn,成立时间：不详,"D轮,金额未透露,融资完成",立即认领,运营状态：不详,,JPush极光推送是Android平台的消息推送服务平台，让开发者可以向其APP的用户推送通知或者消息，与用户互动，深圳市和讯华谷信息技术有限公司旗下。,,,http://pic.pedaily.cn/newseed/projectlogo/201506/20150609@090824.jpg,http://www.newseed.cn/project/17140,深圳市和讯华谷信息技术有限公司,JPush极光推送是Android平台的消息推送服务平台，让开发者可以向其APP的用户推送通知或者消息，与用户互动，深圳市和讯华谷信息技术有限公司旗下。
运满满,信息技术,平台：移动应用,坐标：上海市,官网：www.ymm56.com,成立时间：不详,"D轮,1.1亿,美元,融资完成",立即认领,运营状态：不详,移动互联网互联网,运满满是一家基于移动互联网技术开发的全免费手机管车配货平台，致力于公路运输行业，为车找货（配货）、货找车（托运）提供全面的信息及交易服务。上海细微信息咨询有限公司旗下产品。,,,http://pic2.pedaily.cn/newseed/project/201612/20161213101813764.jpg,http://www.newseed.cn/project/17248,上海细微信息咨询有限公司,运满满是一家基于移动互联网技术开发的全免费手机管车配货平台，致力于公路运输行业，为车找货（配货）、货找车（托运）提供全面的信息及交易服务。上海细微信息咨询有限公司旗下产品。
团贷网,信息技术,平台：WEB,坐标：东莞市,官网：www.tuandai.com,成立时间：不详,"D轮,18亿,人民币,融资完成",立即认领,运营状态：正在运营,互联网,团贷网是一家P2P网络借贷服务平台，东莞市俊特团贷网络信息服务有限公司旗下，2014年转型重点做房宝宝产品。目前，团贷网获近5亿人民币B轮投资，此轮融资由九鼎投资领投，史玉柱和多家投资机构跟投。,,,http://pic2.pedaily.cn/17/newseed/project/201705/20170531144404474.png,http://www.newseed.cn/project/16952,东莞团贷网互联网科技服务有限公司,团贷网是一家P2P网络借贷服务平台，此外还推出了房产众筹“房宝宝”、社交众保金融模式的金融服务，东莞团贷网互联网科技服务有限公司旗下网站（光影侠旗下全资子公司）。
点融网,信息技术,平台：WEB,坐标：上海市,官网：www.dianrong.com,成立时间：2013-02-17,"D轮,2.2亿,美元,融资完成",立即认领,运营状态：正在运营,互联网互联网金融,上海点荣金融信息服务有限责任公司旗下点融网是一家P2P网络借贷和金融服务网站。通过国内资深团队的运作和引进全球网络借贷平台LendingClub的先进技术和管理经验，点融网构建出一个高效、明、人性化易操作的网络投融资平台，将出借人和借款人进行自主配对，为国内广大个人和中小企业解决最急需的贷款和融资问题。同时，利用互联网的技术达到最低的审核成本，并把借贷份额进行拆分，实现自助式借贷：使具有闲置资金出借的个人与有贷款需求的个人或企业，能在线上通过点融网平台成功配对。,,,http://pic2.pedaily.cn/17/newseed/project/201708/20170802164155765.png,http://www.newseed.cn/project/17313,上海点荣金融信息服务有限责任公司,上海点荣金融信息服务有限责任公司旗下点融网是一家P2P网络借贷和金融服务网站。通过国内资深团队的运作和引进全球网络借贷平台LendingClub的先进技术和管理经验，点融网构建出一个高效、明、人性化易操作的网络投融资平台，将出借人和借款人进行自主配对，为国内广大个人和中小企业解决最急需的贷款和融资问题。同时，利用互联网的技术达到最低的审核成本，并把借贷份额进行拆分，实现自助式借贷：使具有闲置资金出借的个人与有贷款需求的个人或企业，能在线上通过点融网平台成功配对。
途虎养车,生活消费,平台：WEB,坐标：上海市,官网：tuhu.cn,成立时间：不详,"D轮,1亿,人民币,融资完成",立即认领,运营状态：正在运营,汽车后服务汽车电商电子商务,途虎养车网是一个主打汽车后服务、养车类B2C电商平台，主营轮胎、机油、汽车保养、汽车美容等，途虎目前有1200多家合作安装门店，服务能力覆盖19个省、266个城市，并在主要城市自建物流车队，提供配送服务。上海阑途信息技术有限公司旗下网站。其前身是卡帕养车网。,,,http://pic.pedaily.cn/newseed/projectlogo/201506/20150610@043710.jpg,http://www.newseed.cn/project/17692,上海阑途信息技术有限公司,途虎养车网是一个主打汽车后服务、养车类B2C电商平台，主营 轮胎、机油、汽车保养、汽车美容等，途虎目前有1200 多家合作安装门店，服务能力覆盖19个省、266个城市 ，并在主要城市自建物流车队，提供配送服务。上海阑途信息技术有限公司旗下网站。 其前身是卡帕养车网。
辣妈帮,生活消费,平台：移动应用,坐标：深圳市,官网：www.lmbang.com,成立时间：不详,"D轮,金额未透露,融资完成",立即认领,运营状态：正在运营,,辣妈帮是一个女性手机社区，由深圳市网智科技开发有限公司开发，旗下还有辣妈微生活、爱宝宝365等。该公司日前宣布已经完成C轮1亿美元融资，由唯品会领投，经纬创投、景林资本、晨兴创投跟投。,,,http://pic2.pedaily.cn/newseed/project/201702/20170209171701855.jpg,http://www.newseed.cn/project/17737,深圳市网智科技开发有限公司,辣妈帮是一个女性手机社区，由深圳市网智科技开发有限公司开发，旗下还有辣妈微生活、爱宝宝365等。
来订吧,旅游,平台：WEB,坐标：上海市,官网：www.laidingba.com,成立时间：2007-01,"D轮,5000万,人民币,融资完成",立即认领,运营状态：正在运营,,来订吧是一个酒店、景点、机票预订网站，隶属于同程网络科技股份有限公司。,,,http://pic.pedaily.cn/newseed/projectlogo/201506/20150610@043938.jpg,http://www.newseed.cn/project/45271,同程网络科技股份有限公司,"同程网创立于2004年，总部设在中国苏州，是旅游电子商务平台，也是目前中国唯一拥有B2B旅游企业间平台和B2C大众旅游平台的旅游电子商务网站。2006年12月，同程网项目荣膺CCTV赢在中国五强项目，并得到软银赛富、IDG、今日资本等多家海内外风险投资商的青睐，2008年迄今获得国内著名创投机构风险投资3500万元。

	?

	目前，拥有中国最大的旅游交易平台和中国新旅游在线预订平台的同程网被中央电视台、新华社、《人民日报-市场报》、《中国青年报》、《中华工商时报》、《中国经济时报》、《中国商报》、《中国旅游报》、《中国质量报》、《中国社会科学院报》、《新华日报》、《大众日报》、《福建日报》、《河南日报》、《三湘都市报》、《通信信息报》、《IT时报》、《上海证券报》、《现代快报》、《扬子晚报》、 《科技创业》、《江南时报》、《江淮晨报》、《齐鲁晚报》、《杭州日报》、《重庆商报》、《京华时报》、《北京商报》、《无锡日报》、《金华日报》、《江门日报》、《泉州晚报》、《华东旅游报》、《苏商》、《今日苏州》、《苏州日报》、《姑苏晚报》等媒体频频报道，并被媒体一致认为是未来中国的“旅游沃尔玛”。"
优朋普乐,信息技术,平台：WEB,坐标：北京市,官网：www.voole.com,成立时间：不详,"D轮,5.28亿,人民币,融资完成",立即认领,运营状态：正在运营,视频图像视频互联网,优朋普乐是全国视频行业唯一根据互联网电视的高清视频传输特点所度身订造的完整的视频服务平台。,,,http://pic.pedaily.cn/newseed/project/20150921/20150921153844497.jpg,http://www.newseed.cn/project/44285,优朋普乐科技有限公司,北京优朋普乐科技有限公司，简称优朋普乐，是目前中国最大的互联网电视服务提供商，多年来公司一直致力于打造最优质的互联网电视服务。公司于2006年成立，于2009年正式进入继第一代PC互联网、第二代移动互联网之后的第三代互联网――“互联网电视”领域。
口袋购物,生活消费,平台：WEB,坐标：北京市,官网：www.koudai.com,成立时间：2011-05,"D轮,3.5亿,美元,融资完成",立即认领,运营状态：正在运营,,口袋购物是一款智能的手机购物应用，提供购物分享及导购服务等。,,,http://pic.pedaily.cn/newseed/projectlogo/201506/20150609@062519.jpg,http://www.newseed.cn/project/45278,北京口袋时尚科技有限公司,北京口袋时尚科技有限公司成立于2011年5月，专注于电子商务导购领域，总部在北京中关村园区，在厦门设有分公司（研发中心）。现有员工70多人。公司目前已推出手机应用软件――口袋购物。
二维碳素,传统行业,平台：硬件,坐标：常州市,官网：www.cz2dcarbon.com,成立时间：不详,"D轮,816万,人民币,融资完成",立即认领,运营状态：正在运营,制造业,常州二维碳素科技股份有限公司是一家专业从事大面积石墨烯透明导电薄膜及石墨烯电容式触控模组的研发、制造高科技企业。二维碳素技术团队用化学气相沉积的方法合成石墨烯，成功生长世界上第一块大尺寸的高质量石墨烯薄膜，团队成员也因此受到了诺贝尔奖获得者安德烈?海姆和康斯坦丁?诺沃肖洛夫博士共同赞誉。创立伊始，凭借团队的技术优势，二维碳素引领石墨烯产业迅速发展,,,http://pic.pedaily.cn/newseed/project/20151008/20151008095616848.png,http://www.newseed.cn/project/45202,常州二维碳素科技股份有限公司,常州二维碳素科技股份有限公司是一家专业从事大面积石墨烯透明导电薄膜及石墨烯电容式触控模组的研发、制造高科技企业。二维碳素技术团队用化学气相沉积的方法合成石墨烯，成功生长世界上第一块大尺寸的高质量石墨烯薄膜，团队成员也因此受到了诺贝尔奖获得者安德烈?海姆和康斯坦丁?诺沃肖洛夫博士共同赞誉。 创立伊始，凭借团队的技术优势，二维碳素引领石墨烯产业迅速发展
思路迪,医疗健康,平台：WEB,坐标：上海市,官网：www.3dmedcare.com,成立时间：2010,"D轮,1.46亿,人民币,融资完成",立即认领,运营状态：正在运营,大数据健康保健,"思路迪公司于2010年在上海注册成立。从建立第一天开始,公司就秉　承“科技改变世界”的理念，专注于肿瘤预防、控制、和治疗领域。我们通过整合健康人基因组信息、患者肿瘤基因组信息和药物作用信息，通过大数据技术的支持，建立了多级风险评估模型和集早期预防、精确诊断、个性化药物开发的三位一体的运作模式。",,,http://pic.pedaily.cn/newseed/project/20151113/20151113170042839.jpg,http://www.newseed.cn/project/46851,埃提斯生物技术（上海）有限公司,"思路迪公司于2010年在上海注册成立。从建立第一天开始,公司就秉　承“科技改变世界”的理念，专注于肿瘤预防、控制、和治疗领域。我们通过整合健康人基因组信息、患者肿瘤基因组信息和药物作用信息，通过大数据技术的支持，建立了多级风险评估模型和集早期预防、精确诊断、个性化药物开发的三位一体的运作模式。"
易果生鲜网,生活消费,平台：WEB,坐标：上海市,官网：www.yiguo.com,成立时间：2005-10,"D轮,3亿,美元,融资完成",立即认领,运营状态：正在运营,电子商务,易果生鲜网是一个主打生鲜水果的B2C电商，旗下有“易果”、“原膳”、“乐醇”、“锦色”等品牌，覆隶属于上海易果电子商务有限公司。,,,http://pic2.pedaily.cn/newseed/project/201611/20161130112001264.jpg,http://www.newseed.cn/project/23269,上海易果电子商务有限公司,"上海易果电子商务有限公司2005年成立于上海,是中国最早的生鲜网购平台,提供一站式购齐的全品类精选生鲜食材。"
猿题库,教育培训,平台：WEB,坐标：北京市,官网：yuantiku.com,成立时间：2012,"D轮,6000万,美元,融资完成",立即认领,运营状态：正在运营,K12直播,猿辅导是面向K12群体的初高中在线辅导学校，老师可以通过实时直播的方式在线为学生提供辅导服务。,,,http://pic.pedaily.cn/newseed/projectlogo/201506/20150609@082621.jpg,http://www.newseed.cn/project/23058,北京贞观雨科技有限公司,猿题库是智能在线题库产品，提供历年考试权威真题供考生练习，还能根据考生的水平一对一智能出题，真正提升做题效率。不仅支持通过电脑答题，也支持通过iPhone和Android手机进行练习，还独创“下载打印做题，手机扫描实时评分”的技术，用户可以下载试卷和答题卡，答题完毕后用手机扫描答题卡就能自动实现评分、查看答案和解析，2013年2月18日正式上线。
Hike,社交,平台：WEB,坐标：印度,官网：get.hike.in,成立时间：不详,"D轮,1.75亿,美元,融资完成",立即认领,运营状态：正在运营,,Hike创立于2012年，总部位于新德里，致力于为用户提供移动通讯app，用户可以使用该工具进行语音及短信交流，另外还可创建群聊，收发邮件，在线与离线模式下均可登录该平台。,,,http://pic2.pedaily.cn/newseed/project/201608/20160817101620937.jpg,http://www.newseed.cn/project/36929,Hike,Hike创立于2012年，总部位于新德里，致力于为用户提供移动通讯app，用户可以使用该工具进行语音及短信交流，另外还可创建群聊，收发邮件，在线与离线模式下均可登录该平台。
达令,生活消费,平台：WEB,坐标：北京市,官网：www.daling.com,成立时间：不详,"D轮,5亿,人民币,融资完成",立即认领,运营状态：正在运营,电子商务,达令?是一家专注于全球好货的电商APP，与海外300多家知名品牌直接签约，商品都是全职买手从世界各地搜罗来的精品好货。,,,http://pic2.pedaily.cn/newseed/project/201609/20160908162847406.png,http://www.newseed.cn/project/31166,北京普缇客科技有限公司,Ymall.com达令礼物店是一个主打礼物分享的潮流商品购物网站。北京普缇客科技有限公司旗下网站。
东久中国,信息技术,平台：WEB,坐标：中国,官网：不详,成立时间：2014,"D轮,1.8亿,美元,融资完成",立即认领,运营状态：正在运营,,东久中国由华平和创始人孙冬平先生于2014年共同投资创建，致力于总部园区和现代化工业园区的投资、开发、建设及运营，旨在打造中国最大的总部园区及产业基础设施综合服务平台。东久中国的重点发展区域是一线城市及其周围的卫星城市，以上海及北京地区经济带作为深耕区域。目标在未来3年内成为中国首屈一指的、专注于产业地产开发建设及运营的综合服务平台。,,,http://pic.pedaily.cn/newseed/project/201602/20160224111336104.jpg,http://www.newseed.cn/project/48780,东久工业地产(中国)投资有限公司,东久中国由华平和创始人孙冬平先生于2014年共同投资创建，致力于总部园区和现代化工业园区的投资、开发、建设及运营，旨在打造中国最大的总部园区及产业基础设施综合服务平台。东久中国的重点发展区域是一线城市及其周围的卫星城市，以上海及北京地区经济带作为深耕区域。目标在未来3年内成为中国首屈一指的、专注于产业地产开发建设及运营的综合服务平台。
齐家网,生活消费,平台：WEB,坐标：上海市,官网：www.jia.com,成立时间：不详,"D轮,1.6亿,美元,融资完成",立即认领,运营状态：不详,婚庆,齐家网是一家家具家居与装修装潢综合服务提供商，核心业务是家居（含装潢、建材、家具、家电等）、婚庆和大众生活消费品。该公司日前宣布获得1.6亿美元D轮投资，但投资机构信息不详。,,,http://pic.pedaily.cn/newseed/projectlogo/201506/20150610@121658.jpg,http://www.newseed.cn/project/17826,上海齐家网信息科技股份有限公司,齐家网是一家家具家居与装修装潢综合服务提供商，核心业务是家居（含装潢、建材、家具、家电等）、婚庆和大众生活消费品。上海齐家网信息科技股份有限公司旗下网站。
分期乐,生活消费,平台：WEB,坐标：深圳市,官网：www.fenqile.com,成立时间：不详,"D轮,2.35亿,美元,融资完成",立即认领,运营状态：正在运营,消费电子消费金融金融科技电子商务大宗批发零售,深圳市分期乐网络科技有限公司是一家专注于为全国高校在校学生提供小额消费金融服务的企业，总部在深圳，目前已在全国多地设立分支机构。公司是和一些大型3C电商以B2C的模式合作，以经销商权限获得比B2C零售价更优惠的价格，面向大学生提供消费金融分期付款服务，学生在分期乐网站上购买消费电子等商品，以3~18个月为期“本金+利息”偿还借款。公司属于初创型公司，已经融过A轮，主要投资方为领投了美乐乐家具、聚美优品、墨迹天气、有缘网、美柚等创业公司的险峰华兴创业投资，与企业京东商城为主要合作伙伴。,,,http://pic.pedaily.cn/newseed/projectlogo/201506/20150610@090711.jpg,http://www.newseed.cn/project/17751,深圳市分期乐网络科技有限公司,深圳市分期乐网络科技有限公司是一家专注于为全国高校在校学生提供小额消费金融服务的企业，总部在深圳，目前已在全国多地设立分支机构。公司是和一些大型3C电商以B2C的模式合作，以经销商权限获得比B2C零售价更优惠的价格，面向大学生提供消费金融分期付款服务，学生在分期乐网站上购买消费电子等商品，以3~18个月为期“本金+利息”偿还借款。公司属于初创型公司，已经融过A轮，主要投资方为领投了美乐乐家具、聚美优品、墨迹天气、有缘网、美柚等创业公司的险峰华兴创业投资，与企业京东商城为主要合作伙伴。
一起作业网,教育培训,平台：WEB,坐标：北京市,官网：www.17zuoye.com,成立时间：2007-11,"D轮,1亿,美元,融资完成",立即认领,运营状态：正在运营,互联网,"一起作业网于2011年10月正式上线，致力于为全中国的老师、学生和家长提供基于互联网的在线作业和能力提升平台。怀着""让学习成为美好体验""的愿景，一起作业网设计并推出了数百种深受喜爱的学习应用，目前涵盖小学英语和数学两大学科。为了帮助更多的老师和学生通过互联网的方式轻松获取优质教学资源，一起作业网还搭建了一个优质课件和习题资源的分享平台，并永久免费提供给所有用户。",,,http://pic.pedaily.cn/newseed/projectlogo/201506/20150609@065324.jpg,http://www.newseed.cn/project/17871,北京金闻朗科技有限公司,"一起作业网于2011年10月正式上线，致力于为全中国的老师、学生和家长提供基于互联网的在线作业和能力提升平台。怀着""让学习成为美好体验""的愿景， 一起作业网设计并推出了数百种深受喜爱的学习应用，目前涵盖小学英语和数学两大学科。为了帮助更多的老师和学生通过互联网的方式轻松获取优质教学资源，一 起作业网还搭建了一个优质课件和习题资源的分享平台，并永久免费提供给所有用户。"
买卖宝,信息技术,平台：WEB,坐标：无锡市,官网：www.maimaibao.com,成立时间：不详,"D轮,金额未透露,融资完成",立即认领,运营状态：正在运营,买卖租赁电子商务大宗批发零售,买卖宝隶属于无锡买卖宝信息技术有限公司，是专注于为5亿草根人群（农民、农民工、乡镇郊区群众、城市底层劳动者）提供电商服务的零售平台商。该公司日前宣布获得D轮投资，投资方为京东、腾讯的投资，具体金额未透露。,,,http://pic.pedaily.cn/newseed/project/20150707/20150707175350432.jpg,http://www.newseed.cn/project/18099,无锡买卖宝信息技术有限公司（原北京商机无限电子商务有限公司）,品牌名称“买卖宝”，全称无锡买卖宝信息技术有限公司。买卖宝成立于2006年，是国内最早涉足移动电子商务的专业平台，在创始人张小玮的带领下，致力于为农民、农民工及三四线城市居民提供平等的购物机会。买卖宝手机购物商城（mmb.cn）目前已有近20个分类频道，上架商品包罗服装、鞋包、化妆品、内衣、珠宝首饰、数码、手机、电脑、小家电等众多品类，计数万SKU的优质商品。公司于2007年至2010年，先后获得远东控股集团、红杉资本和某互联网巨头投资，总投资金额过千万美元。秉承“电子商务的革命在农村、服务草根大众”的理念，目前买卖宝（mmb.cn）日销售额过200万，2011年收入近5亿，连续5年增长300%，已经发展成为中国最大的手机B2C购物商城。
互动百科集团,文化娱乐,平台：WEB,坐标：北京市,官网：www.baike.com,成立时间：不详,"D轮,2.8亿,人民币,融资完成",立即认领,运营状态：正在运营,媒体移动互联网互联网,互动百科集团创于2005年，致力于为全球华人提供中文百科知识服务，通过维基技术、词媒体、按需媒体的多元拓展，业务涵盖互动百科、HDWIKI、移动互联网。公司日前获得2.8亿元D轮投资、拆除VIE架构。新投资机构为盛景嘉成母基金、晨晖资本，老投资机构DCM、DFJDragon、北极光、磐谷创投退出。,,,http://pic.pedaily.cn/newseed/project/20150707/20150707174418135.jpg,http://www.newseed.cn/project/18100,互动在线（北京）科技有限公司,互动百科集团创于2005年，致力于为全球华人提供中文百科知识服务，通过维基技术、词媒体、按需媒体的多元拓展，业务涵盖互动百科、HDWIKI、移动互联网。
大姨吗,医疗健康,平台：WEB,坐标：北京市,官网：不详,成立时间：不详,"D轮,6200万,人民币,融资完成",立即认领,运营状态：正在运营,电子商务健康保健,大姨吗是一款以经期健康为核心，关爱女性健康的手机应用，问世于2012年。其功能包括经期记录、经期预测、易孕期预测、美容塑身保健贴士推送、姐妹说与闺蜜说社区，美月优选电商栏目等。,,,http://pic.pedaily.cn/newseed/project/20150720/20150720213307736.jpg,http://www.newseed.cn/project/18269,北京康智乐思网络科技有限公司,北京康智乐思网络科技有限公司成立于2012年，公司产品为一款叫“大姨吗”的手机软件，针对女性在生理周期的各种需求，提供基于手机的女性日历型服务。公司的商业模式是将互联网与医药学术营销相结合，现阶段用户增长迅速，8月和9月的用户量分别为150万和300万。预计今年年底开始会有初步营收。
ANE安能物流,信息技术,平台：WEB,坐标：上海市,官网：www.ane56.com,成立时间：不详,"D轮,1.2亿,美元,融资完成",立即认领,运营状态：正在运营,,ANE安能物流是一家快递物流公司，通过整合传统物流专线、零担快运网络和信息技术平台，致力于打造中国最大的零担快运加盟网络。,,,http://pic.pedaily.cn/newseed/project/20150707/20150707160508121.jpg,http://www.newseed.cn/project/18077,上海安能物流有限公司,上海安能物流有限公司成立于2010年，立足国内公路零担快运业务，通过整合传统物流专线、零担快运网络和信息技术平台，创造新的颠覆性商业模式打造中国最大的零担快运加盟网络。安能物流参与研发的“安能信息管理系统”，整合“快运业务系统、数据采集系统、无线GPRS数据采集传输系统、称重计费系统、车辆运营管理系统、客服投诉受理系统、客服呼叫中心系统、电子商务（淘宝业务）接单系统”等内容于一身。经过4年努力，企业规模扩大，配送网络基本覆盖全国。目前已在全国建立50多个分拨中心，拥有3300多名工作人员和1000多个认证加盟商及合作伙伴，服务以京津冀、江浙沪、珠三角和川渝为核心的四大经济区的20多个省市、800多个市县（区）。
YOHO!有货,文化娱乐,平台：WEB,坐标：南京市,官网：www.yohobuy.com,成立时间：2009-12,"D轮,1亿,美元,融资完成",立即认领,运营状态：正在运营,媒体,YOHO!有货，是一个潮流品牌商品销售平台。借助中国潮流产业的发展和YOHO!在平面媒体、网络社区、线下活动等产品的推广，目前已有200多个品牌“入驻”销售。南京新与力文化传播有限公司（新力传媒）旗下网站。,,,http://pic.pedaily.cn/newseed/project/20150715/20150715154454660.jpg,http://www.newseed.cn/project/18217,南京新与力文化传播有限公司,新力传媒有限公司，内地最年轻的传媒机构之一，公司致力于年轻态媒体的策划、制作与发布，包括网络、平面、电子杂志、电视、大型活动以及新媒体等。新力传媒拥有在国内首屈一指的编辑团队，其生产的内容不仅被用于公司自有媒体《YOHO!潮流志》、YOHO.CN等项目上，还被国内众多媒体所协议转载。    新力传媒，是国内最先尝试跨媒体运营的公司之一，其目标是将“YOHO!”打造成为内地年轻人最喜爱和最值得信赖的传媒品牌。公司员工平均年龄23岁。    YOHO.CN是一个虚拟的网络交互社区，通过个人、兴趣小组、街区、城市的概念，为年轻人提供新鲜的资讯和沟通交流的平台。
探探APP,信息技术,平台：移动应用,坐标：北京市,官网：tantanapp.com,成立时间：不详,"D轮,7000万,美元,融资完成",立即认领,运营状态：不详,,P1是一个邀请制的移动社区，主打时尚、国际化分享，照片诠释生活、发现精彩。该公司日前获得500万美元A轮投资，贝塔斯曼亚洲基金领投。,,,http://pic.pedaily.cn/newseed/project/20150703/20150703182010659.png,http://www.newseed.cn/project/17900,探探文化发展（北京）有限公司,探探－一种全新的社交体验探探上线于2014年7月，目前已成为最受中国年轻人欢迎的社交应用之一。探探应用是探探文化发展（北京）有限公司开发的社交产品。
融360,房产金融,平台：移动应用,坐标：北京市,官网：www.rong360.com,成立时间：不详,"D轮,10亿,人民币,融资完成",立即认领,运营状态：正在运营,,融360，北京融世纪信息技术有限公司，成立于2011年10月，是中国领先金融垂直搜索平台。,,,http://pic.pedaily.cn/newseed/project/20150720/20150720165100370.jpg,http://www.newseed.cn/project/18266,北京融世纪信息技术有限公司,北京融世纪信息技术有限公司，成立于2011年10月，总部在北京，另在上海设有分部。融360为网民提供融资贷款搜索服务，为用户提供各种银行和出借机构贷款产品的搜索、比较服务。同时融360引入银行业务人员，让用户和业务人员直接联系。融360团队全部由互联网和金融人士组成，来自美运通、百度、宁波银行、阿里巴巴等国内公司。
上海捷银支付,房产金融,平台：WEB,坐标：上海市,官网：www.172.com,成立时间：2002-07,"D轮,1000万,美元,融资完成",立即认领,运营状态：正在运营,行业及技术解决方案,上海捷银支付是一家移动支付服务平台及解决方案商，隶属于上海捷银信息技术有限公司。2013年8月被中国平安集团收购。,,,http://pic.pedaily.cn/newseed/projectlogo/201506/20150610@122415.jpg,http://www.newseed.cn/project/18349,上海捷银信息技术有限公司,上海捷银信息技术有限公司（简称“捷银”）成立于2002年，多年来一直专注于移动支付业务。捷银在移动支付业务平台建设、产品设计、业务拓展、运营推广、风险控制、资金清算等方面积淀了经验和资源，打造了专业化团队，拥有自主知识产权的手机支付平台，业务覆盖全国主要省市，发展了颇具规模的用户群、商户群和推广渠道，与产业链上下游各环节的合作伙伴分工协作，探索出合作创新、互信共赢、审慎严谨、持续健康的良好合作模式。捷银致力于成为以中央银行及各商业银行为主体的支付体系在时间上和空间上的有益延伸和补充，长期进行移动支付市场培育和推广，将人们带入移动支付新时代。
PPTV聚力传媒,文化娱乐,平台：WEB,坐标：上海市,官网：www.pptv.com,成立时间：不详,"D轮,2.5亿,美元,融资完成",立即认领,运营状态：正在运营,,上海优同科技有限公司专业从事语言、语音技术和人脸动画等人机交互技术研发与应用，已开发出中文语音合成引擎及多国语言语音合成引擎、语音识别和人脸动画引擎等。,,,http://pic.pedaily.cn/newseed/projectlogo/201506/20150609@113137.jpg,http://www.newseed.cn/project/18357,上海聚力传媒技术有限公司,"上海聚力传媒技术有限公司是由专业从事网络数据传输、网络安全、媒体处理等技术开发团队组成的专著于流媒体传输技术研发的高新技术企业。公司主推的SYNACAST视讯解决方案，使用基于P2P的传送技术，提供统一的内容管理,形成了完整的网络媒体传输体系。公司已经先后同上海文广、长城宽带、UT斯达康等多家国内外知名的企业建立了紧密的合作关系。并为NTV360.COM和PPTV.COM等网络电视网站提供技术解决方案。"
宜搜,企业服务,平台：WEB,坐标：深圳市,官网：www.easou.com,成立时间：不详,"D轮,2048万,美元,融资完成",立即认领,运营状态：正在运营,,宜搜科技成立于2005年4月，是一家中文移动搜索服务提供商，拥有无线数据应用技术和智能搜索系统，宜搜科技总部设在深圳，在北京设立了分公司，在上海、重庆、浙江等遍及全国的众多省区市设有分支机构。,,,http://pic.pedaily.cn/newseed/projectlogo/201506/20150610@044555.jpg,http://www.newseed.cn/project/18370,深圳市宜搜科技发展有限公司,"宜搜科技成立于2005年4月，是一家中文移动搜索服务提供商，拥有无线数据应用技术和智能搜索系统，宜搜科技总部设在深圳，在北京设立了分公司，在上海、重庆、浙江等遍及全国的众多省区市设有分支机构。公司现有700多名员工，其中60%为研发人员。宜搜成功地自主研发运营了网页、新闻、小说、音乐、“宜搜+”客户端等15个产品。

	?

	2012年5月，宜搜创新商业模式，发布“手机智能营销平台”――宜点通。利用宜搜的强大搜索平台帮助广告主进行精准投放，为中国4600万中小企业提供低成本的市场营销广告服务。"
光华活彩传媒,文化娱乐,"平台：WEB,其他",坐标：上海市,官网：www.solarvistamedia.com,成立时间：不详,"D轮,金额未透露,融资完成",立即认领,运营状态：正在运营,广告营销户外/极限运动,光华活彩传媒(上海)有限公司是一家户外电子显示屏广告服务商，主打动态彩色像素（DCP）的数字广告牌。,,,http://pic.pedaily.cn/newseed/projectlogo/201506/20150609@083459.jpg,http://www.newseed.cn/project/18477,光华活彩传媒(上海)有限公司,光华活彩传媒(上海)有限公司是一家户外电子显示屏广告服务商，主打动态彩色像素（DCP）的数字广告牌。
丁丁网,生活消费,平台：WEB,坐标：上海市,官网：www.ddmap.com,成立时间：不详,"D轮,金额未透露,融资完成",立即认领,运营状态：正在运营,互联网,丁丁网/丁丁优惠是一家结合位置技术和搜索技术为城市人群提供精准生活信息服务的高科技互联网企业。,,,http://pic.pedaily.cn/newseed/projectlogo/201506/20150609@083422.jpg,http://www.newseed.cn/project/18436,上海极索信息技术有限公司,上海极索信息技术有限公司主要拥有门户网站丁丁网。丁丁网成立于2005年5月，是一家结合位置技术和搜索技术为城市人群提供精准生活信息服务的高科技互联网企业。公司拥有自主研发的位置引擎和搜索技术，致力于为客户提供准确实效的生活信息。丁丁网隶属上海极索信息技术有限公司。目前，丁丁网已在上海、杭州、南京、苏州、无锡、广州开通了公交查询和生活搜索服务。
IMO班聊-imo云办公室,企业服务,平台：WEB,坐标：上海市,官网：www.imoffice.com,成立时间：不详,"D轮,1.4亿,人民币,融资完成",立即认领,运营状态：不详,办公软件互联网,上海易睦网络科技有限公司成立于2007年，研发和管理总部位于上海。根据政府各级部门的战略部署，imo历经5年研发和17个月的试运营，整合优秀信息化应用和服务提供商、数十家行业组织、近百家权威网络机构，打造imo超大规模企业级即时通讯互联网平台和企业/机构的高效率网上办公平台。imo云办公室是全球领先的企业级即时通讯互联网平台，也是企业/机构的高效率网上办公平台。imo致力于帮助中国600万上网企业、2.2亿办公人群提供即时通讯和网络化协同办公平台，并借助企业级互联网技术和应用，快速推进中国企业信息化普及进程，提升中国企业的国际竞争力。,,,http://pic.pedaily.cn/newseed/projectlogo/201506/20150610@021508.jpg,http://www.newseed.cn/project/18478,上海易睦网络科技有限公司,上海易睦网络科技有限公司成立于2007年，研发和管理总部位于上海。根据政府各级部门的战略部署，imo历经5年研发和17个月的试运营，整合优秀信息化应用和服务提供商、数十家行业组织、近百家权威网络机构，打造imo超大规模企业级即时通讯互联网平台和企业/机构的高效率网上办公平台。imo云办公室是全球领先的企业级即时通讯互联网平台，也是企业/机构的高效率网上办公平台。imo致力于帮助中国600万上网企业、2.2亿办公人群提供即时通讯和网络化协同办公平台，并借助企业级互联网技术和应用，快速推进中国企业信息化普及进程，提升中国企业的国际竞争力。
递四方速递4PX,生活消费,平台：WEB,坐标：深圳市,官网：www.4px.com,成立时间：不详,"D轮,5000万,美元,融资完成",立即认领,运营状态：正在运营,办公软件电子商务仓储物流,,,,http://pic.pedaily.cn/newseed/projectlogo/201506/20150610@052146.jpg,http://www.newseed.cn/project/18465,深圳市递四方速递有限公司,递四方速递(4PX)是一家跨国电商服务物流服务平台，为跨国电子商务业者提供包含购物车建站、货源分销、渠道管理软件、在线推广、在线收付、全球物流和仓储的一站式服务。
品友互动,文化娱乐,平台：WEB,坐标：北京市,官网：www.ipinyou.com.cn,成立时间：2009-04,"D轮,5亿,人民币,融资完成",立即认领,运营状态：正在运营,广告营销互联网,品友互动是一家数字广告互联网技术公司，提供DSP和实时竞价RTB广告。,,,http://pic.pedaily.cn/newseed/projectlogo/201506/20150609@062934.jpg,http://www.newseed.cn/project/18503,北京品友互动信息技术有限公司,北京品友互动信息技术有限公司（简称品友互动），创立于2008年，是一家数字广告互联网技术公司，致力于打造中国人群定向数字广告第一平台。
云鸟配送,生活消费,平台：移动应用,坐标：北京市,官网：www.yunniao.me/public/home,成立时间：2014-09,"D轮,1亿,美元,融资完成",立即认领,运营状态：正在运营,同城配送,云鸟配送是一家主打同城快速配送服务的初创公司，主要通过竞价的方式，将企业用户与闲散的货车资源进行有效配置，平台目前已整合有3000多辆闲置配送车辆。隶属于北京云中小鸟科技有限公司。,,,http://pic.pedaily.cn/newseed/project/20150713/20150713132630772.jpg,http://www.newseed.cn/project/18323,北京云鸟科技有限公司,"""云鸟配送""隶属于北京云鸟科技有限公司，是一家致力于同城配送的互联网平台，成立于3个月即获1000万美元A轮投资，投资方为金沙江、经纬中国及盛大资本。 ""云鸟配送""通过整合海量社会配送车辆，在云鸟配送平台上进行招标，司机匹配个人情况及需求进行投标，客户在投标司机中进行选择，并使用。 此种模式为全国首创同城配送模式，省去传统配送中多个中间环节，为客户大大减少配送成本。"
触宝科技,信息技术,平台：WEB,坐标：上海市,官网：www.chubao.cn,成立时间：2008-08,"D轮,1亿,美元,融资完成",立即认领,运营状态：不详,O2O/本地生活,触宝科技是一家手机应用开发商，产品主要包括触宝号码助手、触宝输入法、触宝O2O平台等。,,,http://pic2.pedaily.cn/17/newseed/project/201705/20170522173700593.png,http://www.newseed.cn/project/18474,上海触宝信息技术有限公司,触宝科技是一家手机应用开发商，产品主要包括触宝号码助手、触宝输入法等。
Shopex商派网络,生活消费,平台：其他,坐标：上海市,官网：www.shopex.cn,成立时间：不详,D轮,立即认领,运营状态：不详,电子商务,追光动画是一个动画电影、动画作品制造公司，由前土豆网创始人王微于2013年3月在北京创立，隶属于追光人动画设计（北京）有限公司。,,,http://pic2.pedaily.cn/17/newseed/project/201707/20170728164855866.png,http://www.newseed.cn/project/18602,上海商派网络科技有限公司,上海商派网络科技有限公司成立于2002年，是国内最大的电子商务软件及服务提供商。ShopEx长期专注于电子商务软件的研发及相关解决方案与服务的提供。ShopEx旗下的网上商店系统、网上商城系统以及丰富的网商工具，以功能、技术以及价值体现，获得了45万用户的肯定。
要出发,旅游,平台：WEB,坐标：广州市,官网：www.yaochufa.com,成立时间：不详,"D轮,5.5亿,人民币,融资完成",立即认领,运营状态：正在运营,旅游综合服务,,,,http://pic.pedaily.cn/newseed/projectlogo/201506/20150609@095808.jpg,http://www.newseed.cn/project/19090,广州酷旅旅行社有限公司,广州酷旅旅行社有限公司创立于2011年10月，公司主要提供“周边游”套餐服务，即以大城市或省会城市为中心，覆盖其周边及邻近省份城市的旅游市场，行程以1―3天为主的旅游套餐。套餐内涵盖了百里挑一的人工精选精品度假酒店，以及特色餐饮、景点门票等多项旅游必需产品，以求套餐内旅游产品品质可保持4至5星以上。目前要出发周边游在线套餐约2000个，所有的套餐均适合家庭及亲子的周边游。
个推,信息技术,平台：移动应用,坐标：浙江省,官网：www.getui.com,成立时间：不详,"D轮,4亿,人民币,融资完成",立即认领,运营状态：正在运营,大数据,"个推是国内最专业的手机消息推送技术服务商，在第三方推送市场的占有率达90%以上。个推提供安卓推送（Android）及iOS推送SDK，帮助App快速集成云推送功能，免去开发成本，有效提高产品活跃度与用户体验。2014年5月个推发布2.0产品“智能推送”,助力App精细化运营。2015年4月个推发布3.0产品“应景推送”，基于大数据用户画像和地理围栏技术，实现场景的精准捕捉和消息推送。",,,http://pic2.pedaily.cn/newseed/project/201604/20160407135040101.jpg,http://www.newseed.cn/project/18884,浙江每日互动网络科技有限公司,浙江每日互动网络科技有限公司成立于2010年7月，分别在北京、杭州设有办公场所。公司核心团队来自于微软、思科、网迅、快钱、卓望、百度、新浪等公司。 2012年，公司全面开放其核心竞争力―推送技术，面向公众提供专业的手机推送解决方案-个推，成为国内该领域的先驱和最专业服务商。 通过个推的应用推送解决方案，开发者可以在应用推送功能上节省开发成本，并达到节省公司资源、保证用户推送质量，省用户流量和电能的效果。开发者还可获得推送的BI数据等相关服务。个推平台专注提供移动设备长连接SDK和服务端接入的整体解决方案。目前个推接入用户已达数亿，个推平台的合作伙伴包括了新浪微博、百度、阿里巴巴、91、唱吧、啪啪、应用汇等。
猎聘网,信息技术,平台：WEB,坐标：北京市,官网：www.liepin.com,成立时间：不详,"D轮,金额未透露,融资完成",立即认领,运营状态：正在运营,,猎聘网是一个主打中高端人才、猎头服务的招聘求职网站，万仕道（北京）管理咨询有限公司旗下。,,,http://pic2.pedaily.cn/newseed/project/201606/20160628115425115.jpg,http://www.newseed.cn/project/18582,万仕道（北京）管理咨询有限公司,"万仕道（北京）管理咨询有限公司是专门从事高端人才寻访的人力资源咨询机构,总部位于北京，在上海、广州、深圳设有分公司，专注于IT、通信、快消、房地产、教育、物流、制药、能源等行业。万仕道旗下运营的高端经理人互动平台：猎头网（已更名为猎聘网）（www.lietou.com）成立于2000年，是一个职业经理人高端招聘社区。"
七牛云,企业服务,平台：WEB,坐标：上海市,官网：www.qiniu.com,成立时间：2011-08,"D轮,金额未透露,融资完成",立即认领,运营状态：正在运营,媒体直播行业及技术解决方案,"七牛云是企业级公有云服务商，致力于打造以数据为核心的场景化PaaS服务。围绕富媒体场景，七牛先后推出了对象存储，融合CDN加速，数据通用处理，内容反垃圾服务，以及直播云服务等。目前，七牛云已经在为40多万家企业提供服务,推出了有针对性的一系列行业解决方案。",,,http://pic2.pedaily.cn/newseed/project/201607/20160725142615202.jpg,http://www.newseed.cn/project/19030,上海七牛信息技术有限公司,上海七牛信息技术有限公司成立于2011年8月3日，是一家云存储服务提供商，拥有分布式数据存储核心技术，并在此基础上结合了客户体验技术以及行业存储经验为企业提供安全的存储服务。公司主要成员均曾经从事过网盘存储业务。
青云QingCloud,信息技术,平台：WEB,坐标：北京市,官网：www.qingcloud.com,成立时间：2012-04,"D轮,10.8亿,人民币,融资完成",立即认领,运营状态：正在运营,大数据,青云QingCloud是一家新的云计算公司，提供IAAS弹性云服务，支持私有网络、按秒计算、开放API、全面监控、多重实时副本安全策略等。,,,http://pic2.pedaily.cn/17/newseed/project/201706/20170613101404515.jpg,http://www.newseed.cn/project/19482,北京优帆科技有限公司,北京优帆科技有限公司是一家从事云计算技术服务平台的公司，成立于2012年4月，总部位于北京市朝阳区。
留白影视,文化娱乐,平台：其他,坐标：金华市,官网：不详,成立时间：不详,"D轮,1.5亿,人民币,融资完成",立即认领,运营状态：正在运营,影视,留白影视是一家文化影视公司，主要提供影视策划、影视制作以及艺人经纪等业务；已经开发制作了《亲爱的公主病》、《繁星四月》以及国漫《端脑》等作品。,,,http://pic2.pedaily.cn/17/newseed/project/201709/20170926171143318.jpg,http://www.newseed.cn/project/61141,东阳留白影视文化有限公司,留白影视是一家文化影视公司，主要提供影视策划、影视制作以及艺人经纪等业务；已经开发制作了《亲爱的公主病》、《繁星四月》以及国漫《端脑》等作品。
爱乐奇-说宝堂,教育培训,平台：,坐标：上海市,官网：www.alo7.com,成立时间：不详,"D轮,3750万,美元,融资完成",立即认领,运营状态：正在运营,语言学习,说宝堂信息科技（上海）有限公司是一家智能英语学习产品提供商，2010年设立了针对中国3-15岁少儿英语学习的品牌“爱乐奇”，产品包括爱乐奇英语数码教材、爱乐奇英语学习网站。,,,http://pic2.pedaily.cn/17/newseed/project/201711/20171120150414324.jpg,http://www.newseed.cn/project/61765,说宝堂信息科技（上海）有限公司,"说宝堂信息科技（上海）有限公司是国际知名的智能英语学习产品提供商。公司2004年7月成立于美国波士顿，由数字化大师尼葛洛庞帝教授、电子邮件的发明人Kleinrock教授，以及多家国际风险投资公司投入千万美金共同创立。

	?

	该公司以国际领先的语音识别技术为核心竞争力，开发出基于语音识别技术的Saybot播放器，作为在线互动学习的平台。该公司专注于语音识别技术的研究和发展，并将研究成果转化为Saybot播放器极具实效的种种功能。在播放器的研发过程中，说宝堂吸取英语教学界的众多科研成果，将科学教学理念融于其中，使Saybot播放器成为数字化时代英语教学和学习的领先平台。

	?

	说宝堂以提升数字化英语学习方式的效率和效果为己任，寻求与国内外英语培训机构、学校、出版社以及商业公司合作，将丰富优质的教学内容运行于技术领先的Saybot播放器，构建出数字化时代最科学高效的英语教学解决方案。"
